{
  "telegram:274873525": 1780992066.1753898,
  "_failures:telegram": 0,
  "_lockout:telegram": 1780996020.4862237
}